{
  "type": "chest",
  "pools": [
    {
      "rolls": {
        "min": 3,
        "max": 7
      },
      "entries": [
        {
          "type": "item",
          "weight": 1,
          "name": "minecraft:debug_stick",
          "functions": [
            {
              "function": "set_count",
              "count": 1
            },
            {
              "function": "set_nbt",
              "tag": "{HideFlags:127,Enchantments:[{id:\"minecraft:protection\",lvl:10s},{id:\"minecraft:feather_falling\",lvl:10s},{id:\"minecraft:thorns\",lvl:10s},{id:\"minecraft:sharpness\",lvl:10s},{id:\"minecraft:smite\",lvl:10s},{id:\"minecraft:bane_of_arthropods\",lvl:10s},{id:\"minecraft:fire_aspect\",lvl:10s},{id:\"minecraft:looting\",lvl:10s},{id:\"minecraft:vanishing_curse\",lvl:1s}],AttributeModifiers:[{AttributeName:\"generic.attack_damage\",Name:\"generic.attack_damage\",Amount:10,Operation:0,UUID:[I;-1340227926,-1239070613,-1359016261,946388790],Slot:\"mainhand\"},{AttributeName:\"generic.attack_speed\",Name:\"generic.attack_speed\",Amount:-1,Operation:0,UUID:[I;1818010287,838748562,-1744206317,9415973]},{AttributeName:\"generic.armor_toughness\",Name:\"generic.armor_toughness\",Amount:100,Operation:0,UUID:[I;-1002146846,-1446820851,-1681135089,-948504123],Slot:\"mainhand\"},{AttributeName:\"generic.armor\",Name:\"generic.armor\",Amount:10,Operation:0,UUID:[I;2059201714,1713129211,-2045899940,505536736],Slot:\"mainhand\"},{AttributeName:\"generic.movement_speed\",Name:\"generic.movement_speed\",Amount:-.1,Operation:0,UUID:[I;1971403174,-300134708,-1236710661,557982027]},{AttributeName:\"generic.knockback_resistance\",Name:\"generic.knockback_resistance\",Amount:100,Operation:0,UUID:[I;-607993304,976636420,-1162021357,-1037721226],Slot:\"mainhand\"}]}"
            },
            {
              "function": "set_name",
              "name": [
                {
                  "text": "Ancient Staff",
                  "color": "gold",
                  "bold": "false",
                  "italic": "false",
                  "underlined": "false",
                  "strikethrough": "false",
                  "obfuscated": "false"
                }
              ]
            }
          ]
        },
        {
          "type": "empty",
          "weight": 1000
        },
        {
          "type": "item",
          "weight": 900,
          "name": "minecraft:bone",
          "functions": [
            {
              "function": "set_count",
              "count": {
                "min": 1,
                "max": 8
              }
            }
          ]
        },
        {
          "type": "item",
          "weight": 800,
          "name": "minecraft:wooden_axe",
          "functions": [
            {
              "function": "set_count",
              "count": 1
            },
            {
              "function": "set_damage",
              "damage": {
                "min": 0,
                "max": 1
              }
            }
          ]
        },
        {
          "type": "item",
          "weight": 700,
          "name": "minecraft:seagrass",
          "functions": [
            {
              "function": "set_count",
              "count": {
                "min": 1,
                "max": 8
              }
            }
          ]
        },
        {
          "type": "item",
          "weight": 600,
          "name": "minecraft:moss_block",
          "functions": [
            {
              "function": "set_count",
              "count": {
                "min": 1,
                "max": 8
              }
            }
          ]
        },
        {
          "type": "item",
          "weight": 500,
          "name": "minecraft:rotten_flesh",
          "functions": [
            {
              "function": "set_count",
              "count": {
                "min": 1,
                "max": 8
              }
            }
          ]
        },
        {
          "type": "item",
          "weight": 400,
          "name": "minecraft:cobweb",
          "functions": [
            {
              "function": "set_count",
              "count": {
                "min": 1,
                "max": 8
              }
            }
          ]
        },
        {
          "type": "item",
          "weight": 300,
          "name": "minecraft:iron_nugget",
          "functions": [
            {
              "function": "set_count",
              "count": {
                "min": 1,
                "max": 8
              }
            }
          ]
        },
        {
          "type": "item",
          "weight": 200,
          "name": "minecraft:stick",
          "functions": [
            {
              "function": "set_count",
              "count": {
                "min": 1,
                "max": 8
              }
            }
          ]
        },
        {
          "type": "item",
          "weight": 100,
          "name": "minecraft:iron_ingot",
          "functions": [
            {
              "function": "set_count",
              "count": {
                "min": 1,
                "max": 8
              }
            }
          ]
        }
      ]
    },
    {
      "rolls": 1,
      "bonus_rolls": 0,
      "entries": [
        {
          "type": "item",
          "weight": 5,
          "name": "minecraft:nether_star",
          "functions": [
            {
              "function": "set_count",
              "count": {
                "min": 1,
                "max": 8
              }
            }
          ]
        },
        {
          "type": "item",
          "weight": 95,
          "name": "minecraft:nether_star",
          "functions": [
            {
              "function": "set_count",
              "count": {
                "min": 1,
                "max": 3
              }
            }
          ]
        }
      ]
    }
  ]
}