{
    "type": "minecraft:crafting_shaped",
    "pattern": [
        "  #",
        "PND",
        " S "
    ],
    "key": {
        "#": {
            "item": "minecraft:prismarine_shard"
        },
        "P": {
            "item": "minecraft:prismarine_crystals"
        },
        "N": {
            "item": "minecraft:nether_star"
        },
        "D": {
            "item": "minecraft:diamond"
        },
        "S": {
            "item": "minecraft:string"
        }
    },
    "result": {
        "item": "minecraft:diamond_horse_armor",
        "count": 1
    }
}